date,count,Long,Lat,place,remarks,user
2021/8/4,42,33.6613134,130.4042472,アイランドシティコンテナターミナル,バーナーでの焼却及び殺虫剤による駆除,港湾空港局港営課
2021/9/9,34,33.6605554,130.4146988,アイランドシティコンテナターミナル,バーナーでの焼却及び殺虫剤による駆除,港湾空港局港営課
2021/10/7,20,33.6625809,130.4070743,アイランドシティコンテナターミナル,バーナーでの焼却及び殺虫剤による駆除,港湾空港局港営課
2021/11/1,6,33.6605554,130.4146988,アイランドシティコンテナターミナル,バーナーでの焼却及び殺虫剤による駆除,港湾空港局港営課
2021/5/25,26,33.6605554,130.4146988,アイランドシティコンテナターミナル内,殺虫剤及び踏み潰して駆除,港湾空港局港営課
2021/6/25,16,33.6605554,130.4146988,アイランドシティコンテナターミナル内,殺虫剤及び踏み潰して駆除,港湾空港局港営課
2021/10/12,9,33.6647404,130.4204315,アイランドシティポンプ場,殺虫剤で駆除,道路下水道局 和白水処理センター
2021/7/29,6,33.6647404,130.4204315,アイランドシティポンプ場,殺虫剤で駆除,道路下水道局 和白水処理センター
2021/4/27,5,33.6647404,130.4204315,アイランドシティ外周緑地,バーナーでの焼却及び殺虫剤による駆除,港湾空港局維持課
2021/5/26,4,33.6647404,130.4204315,アイランドシティ外周緑地,バーナーでの焼却及び殺虫剤による駆除,港湾空港局維持課
2021/6/29,4,33.6647404,130.4204315,アイランドシティ外周緑地,バーナーでの焼却及び殺虫剤による駆除,港湾空港局維持課
2021/7/26,9,33.6647404,130.4204315,アイランドシティ外周緑地,バーナーでの焼却及び殺虫剤による駆除,港湾空港局維持課
2021/8/6,68,33.6647404,130.4204315,アイランドシティ中央公園,殺虫剤及び踏み潰して駆除,住宅都市局みどり運営課
2021/8/12,67,33.6647404,130.4204315,アイランドシティ中央公園,殺虫剤及び踏み潰して駆除,住宅都市局みどり運営課
2021/8/20,31,33.6647404,130.4204315,アイランドシティ中央公園,殺虫剤及び踏み潰して駆除,住宅都市局みどり運営課
2021/8/27,85,33.6647404,130.4204315,アイランドシティ中央公園,殺虫剤及び踏み潰して駆除,住宅都市局みどり運営課
2021/9/7,80,33.6647404,130.4204315,アイランドシティ中央公園,殺虫剤及び踏み潰して駆除,住宅都市局みどり運営課
2021/9/10,55,33.6647404,130.4204315,アイランドシティ中央公園,殺虫剤及び踏み潰して駆除,住宅都市局みどり運営課
2021/9/17,17,33.6647404,130.4204315,アイランドシティ中央公園,殺虫剤及び踏み潰して駆除,住宅都市局みどり運営課
2021/9/24,74,33.6647404,130.4204315,アイランドシティ中央公園,殺虫剤及び踏み潰して駆除,住宅都市局みどり運営課
2021/10/1,93,33.6647404,130.4204315,アイランドシティ中央公園,殺虫剤及び踏み潰して駆除,住宅都市局みどり運営課
2021/10/8,75,33.6647404,130.4204315,アイランドシティ中央公園,殺虫剤及び踏み潰して駆除,住宅都市局みどり運営課
2021/4/2,13,33.6647404,130.4204315,アイランドシティ中央公園,殺虫剤及び踏み潰して駆除,住宅都市局みどり運営課
2021/4/9,8,33.6647404,130.4204315,アイランドシティ中央公園,殺虫剤及び踏み潰して駆除,住宅都市局みどり運営課
2021/4/16,18,33.6647404,130.4204315,アイランドシティ中央公園,殺虫剤及び踏み潰して駆除,住宅都市局みどり運営課
2021/4/23,16,33.6647404,130.4204315,アイランドシティ中央公園,殺虫剤及び踏み潰して駆除,住宅都市局みどり運営課
2021/4/30,18,33.6647404,130.4204315,アイランドシティ中央公園,殺虫剤及び踏み潰して駆除,住宅都市局みどり運営課
2021/5/7,10,33.6647404,130.4204315,アイランドシティ中央公園,殺虫剤及び踏み潰して駆除,住宅都市局みどり運営課
2021/5/14,6,33.6647404,130.4204315,アイランドシティ中央公園,殺虫剤及び踏み潰して駆除,住宅都市局みどり運営課
2021/5/21,14,33.6647404,130.4204315,アイランドシティ中央公園,殺虫剤及び踏み潰して駆除,住宅都市局みどり運営課
2021/5/28,6,33.6647404,130.4204315,アイランドシティ中央公園,殺虫剤及び踏み潰して駆除,住宅都市局みどり運営課
2021/6/4,4,33.6647404,130.4204315,アイランドシティ中央公園,殺虫剤及び踏み潰して駆除,住宅都市局みどり運営課
2021/6/11,7,33.6647404,130.4204315,アイランドシティ中央公園,殺虫剤及び踏み潰して駆除,住宅都市局みどり運営課
2021/6/18,12,33.663838,130.4165445,アイランドシティ中央公園,殺虫剤及び踏み潰して駆除,住宅都市局みどり運営課
2021/6/25,25,33.663838,130.4165445,アイランドシティ中央公園,殺虫剤及び踏み潰して駆除,住宅都市局みどり運営課
2021/7/2,19,33.663838,130.4165445,アイランドシティ中央公園,殺虫剤及び踏み潰して駆除,住宅都市局みどり運営課
2021/7/9,24,33.663838,130.4165445,アイランドシティ中央公園,殺虫剤及び踏み潰して駆除,住宅都市局みどり運営課
2021/7/16,27,33.663838,130.4165445,アイランドシティ中央公園,殺虫剤及び踏み潰して駆除,住宅都市局みどり運営課
2021/7/30,82,33.663838,130.4165445,アイランドシティ中央公園,殺虫剤及び踏み潰して駆除,住宅都市局みどり運営課
2021/11/29,140,33.650314,130.4394568,なみきスクエア,殺虫剤で駆除,東区生涯学習推進課
2021/8/29,0,33.6073062,130.4020992,ベスト電器スタジアム,,住宅都市局みどり運営課
2021/9/16,0,33.6073062,130.4020992,ベスト電器スタジアム,,住宅都市局みどり運営課
2021/10/20,0,33.6073062,130.4020992,ベスト電器スタジアム,,住宅都市局みどり運営課
2021/11/18,0,33.6073062,130.4020992,ベスト電器スタジアム,,住宅都市局みどり運営課
2021/4/21,0,33.6073062,130.4020992,ベスト電器スタジアム,,住宅都市局みどり運営課
2021/5/19,0,33.6073062,130.4020992,ベスト電器スタジアム,,住宅都市局みどり運営課
2021/6/21,0,33.6073062,130.4020992,ベスト電器スタジアム,,住宅都市局みどり運営課
2021/6/21,0,33.6073062,130.4020992,ベスト電器スタジアム,,住宅都市局みどり運営課
2021/7/22,0,33.5860986,130.4600672,ベスト電器スタジアム,,住宅都市局みどり運営課
2021/7/22,0,33.5860986,130.4600672,ベスト電器スタジアム,,住宅都市局みどり運営課
2021/8/25,4,33.5860986,130.4600672,マリンメッセ福岡,殺虫剤で駆除,経済観光文化局 MICE推進課
2021/8/30,0,33.5860986,130.4600672,マリンメッセ福岡,,経済観光文化局 MICE推進課
2021/9/19,4,33.5860986,130.4600672,マリンメッセ福岡,殺虫剤で駆除,経済観光文化局 MICE推進課
2021/9/30,0,33.5860986,130.4600672,マリンメッセ福岡,,経済観光文化局 MICE推進課
2021/10/25,5,33.5860986,130.4600672,マリンメッセ福岡,殺虫剤で駆除,経済観光文化局 MICE推進課
2021/10/31,0,33.5860986,130.4600672,マリンメッセ福岡,,経済観光文化局 MICE推進課
2021/11/25,1,33.5860986,130.4600672,マリンメッセ福岡,殺虫剤で駆除,経済観光文化局 MICE推進課
2021/11/30,0,33.5860986,130.4600672,マリンメッセ福岡,,経済観光文化局 MICE推進課
2021/9/10,2,33.6454661,130.4761367,みどりが丘公園,バーナーでの焼却及び殺虫剤による駆除,東区維持管理課
2021/4/13,0,33.6454661,130.4761367,みどりが丘公園,,東区維持管理課
2021/4/27,112,33.6510851,130.4182435,みなと100年公園,バーナーでの焼却及び殺虫剤による駆除,港湾空港局維持課
2021/5/26,117,33.6510851,130.4182435,みなと100年公園,バーナーでの焼却及び殺虫剤による駆除,港湾空港局維持課
2021/6/29,102,33.6510851,130.4182435,みなと100年公園,バーナーでの焼却及び殺虫剤による駆除,港湾空港局維持課
2021/7/26,126,33.6510851,130.4182435,みなと100年公園,バーナーでの焼却及び殺虫剤による駆除,港湾空港局維持課
2021/8/27,114,33.6619803,130.425268,"みなと100年公園
アイランドシティ外周緑地",バーナーでの焼却及び殺虫剤による駆除,港湾空港局維持課
2021/9/25,100,33.6619803,130.425268,"みなと100年公園
アイランドシティ外周緑地",バーナーでの焼却及び殺虫剤による駆除,港湾空港局維持課
2021/10/28,108,33.6619803,130.425268,"みなと100年公園
アイランドシティ外周緑地",バーナーでの焼却及び殺虫剤による駆除,港湾空港局維持課
2021/11/27,76,33.6619803,130.425268,"みなと100年公園
アイランドシティ外周緑地",バーナーでの焼却及び殺虫剤による駆除,港湾空港局維持課
2021/11/25,0,33.595701,130.4331133,榎田自転車保管所,,"博多区
自転車対策・生活環境課"
2021/5/22,0,33.6001483,130.4375565,榎田中央公園,,博多区維持管理課
2021/10/7,10,33.6876344,130.4223821,塩浜ポンプ場,殺虫剤で駆除,道路下水道局 和白水処理センター
2021/7/19,7,33.6876344,130.4223821,塩浜ポンプ場,殺虫剤で駆除,道路下水道局 和白水処理センター
2021/9/27,0,33.5258674,130.3871623,下月隈公園,,博多区維持管理課
2021/4/27,0,33.5755236,130.4638861,下月隈公園,,博多区維持管理課
2021/11/12,0,33.5755236,130.4638861,花畑園芸公園,,農林水産局農業振興課
2021/8/6,14,33.6604769,130.3522402,海の中道青少年海の家,殺虫剤で駆除,こども未来局 こども健全育成課
2021/11/18,6,33.6322215,130.4256462,貝塚駅,殺虫剤で駆除,交通局姪浜保守事務所
2021/11/19,0,33.6322215,130.4256462,貝塚駅,,交通局施設課
2021/11/19,0,33.6322215,130.4256462,貝塚駅,,交通局駅務サービス課
2021/11/22,0,33.6322215,130.4256462,貝塚駅,,交通局姪浜保守事務所
2021/11/12,0,33.6331581,130.4242185,貝塚公園,,東区維持管理課
2021/4/12,0,33.6331581,130.4242185,貝塚公園,,東区維持管理課
2021/5/14,6,33.6257189,130.4202647,貝塚駐車場,市民，職員が駆除,東区生活環境課
2021/4/1,2,33.6799272,130.3993691,雁の巣レクリエーションセンター,殺虫剤で駆除,住宅都市局みどり運営課
2021/4/7,9,33.6799272,130.3993691,雁の巣レクリエーションセンター,殺虫剤で駆除,住宅都市局みどり運営課
2021/4/8,12,33.6799272,130.3993691,雁の巣レクリエーションセンター,殺虫剤で駆除,住宅都市局みどり運営課
2021/4/14,2,33.6799272,130.3993691,雁の巣レクリエーションセンター,殺虫剤で駆除,住宅都市局みどり運営課
2021/4/15,49,33.6799272,130.3993691,雁の巣レクリエーションセンター,殺虫剤で駆除,住宅都市局みどり運営課
2021/4/21,4,33.6799272,130.3993691,雁の巣レクリエーションセンター,殺虫剤で駆除,住宅都市局みどり運営課
2021/4/22,2,33.6799272,130.3993691,雁の巣レクリエーションセンター,殺虫剤で駆除,住宅都市局みどり運営課
2021/4/28,11,33.6799272,130.3993691,雁の巣レクリエーションセンター,殺虫剤で駆除,住宅都市局みどり運営課
2021/5/6,5,33.6799272,130.3993691,雁の巣レクリエーションセンター,殺虫剤で駆除,住宅都市局みどり運営課
2021/5/12,1,33.6799272,130.3993691,雁の巣レクリエーションセンター,殺虫剤で駆除,住宅都市局みどり運営課
2021/5/13,20,33.6799272,130.3993691,雁の巣レクリエーションセンター,殺虫剤で駆除,住宅都市局みどり運営課
2021/5/19,8,33.6799272,130.3993691,雁の巣レクリエーションセンター,殺虫剤で駆除,住宅都市局みどり運営課
2021/5/20,1,33.6799272,130.3993691,雁の巣レクリエーションセンター,殺虫剤で駆除,住宅都市局みどり運営課
2021/5/26,20,33.6799272,130.3993691,雁の巣レクリエーションセンター,殺虫剤で駆除,住宅都市局みどり運営課
2021/5/27,4,33.6799272,130.3993691,雁の巣レクリエーションセンター,殺虫剤で駆除,住宅都市局みどり運営課
2021/6/2,3,33.6799272,130.3993691,雁の巣レクリエーションセンター,殺虫剤で駆除,住宅都市局みどり運営課
2021/6/3,8,33.6799272,130.3993691,雁の巣レクリエーションセンター,殺虫剤で駆除,住宅都市局みどり運営課
2021/6/9,4,33.6799272,130.3993691,雁の巣レクリエーションセンター,殺虫剤で駆除,住宅都市局みどり運営課
2021/6/10,2,33.6799272,130.3993691,雁の巣レクリエーションセンター,殺虫剤で駆除,住宅都市局みどり運営課
2021/6/16,45,33.6799272,130.3993691,雁の巣レクリエーションセンター,殺虫剤で駆除,住宅都市局みどり運営課
2021/6/17,29,33.6799272,130.3993691,雁の巣レクリエーションセンター,殺虫剤で駆除,住宅都市局みどり運営課
2021/6/23,3,33.6799272,130.3993691,雁の巣レクリエーションセンター,殺虫剤で駆除,住宅都市局みどり運営課
2021/6/24,81,33.6799272,130.3993691,雁の巣レクリエーションセンター,殺虫剤で駆除,住宅都市局みどり運営課
2021/6/30,36,33.6799272,130.3993691,雁の巣レクリエーションセンター,殺虫剤で駆除,住宅都市局みどり運営課
2021/7/1,9,33.6799272,130.3993691,雁の巣レクリエーションセンター,殺虫剤で駆除,住宅都市局みどり運営課
2021/7/7,425,33.6799272,130.3993691,雁の巣レクリエーションセンター,殺虫剤で駆除,住宅都市局みどり運営課
2021/7/8,68,33.6799272,130.3993691,雁の巣レクリエーションセンター,殺虫剤で駆除,住宅都市局みどり運営課
2021/7/14,22,33.6799272,130.3993691,雁の巣レクリエーションセンター,殺虫剤で駆除,住宅都市局みどり運営課
2021/7/15,158,33.6799272,130.3993691,雁の巣レクリエーションセンター,殺虫剤で駆除,住宅都市局みどり運営課
2021/7/21,140,33.6799272,130.3993691,雁の巣レクリエーションセンター,殺虫剤で駆除,住宅都市局みどり運営課
2021/7/28,41,33.6799272,130.3993691,雁の巣レクリエーションセンター,殺虫剤で駆除,住宅都市局みどり運営課
2021/7/29,569,33.6799272,130.3993691,雁の巣レクリエーションセンター,殺虫剤で駆除,住宅都市局みどり運営課
2021/4/19,0,33.6589782,130.4802193,久山グラウンドゴルフ場,,環境局クリーンパーク・東部
2021/5/17,2,33.6589782,130.4802193,久山グラウンドゴルフ場,殺虫剤で駆除,環境局クリーンパーク・東部
2021/6/7,0,33.6589782,130.4802193,久山グラウンドゴルフ場,,環境局クリーンパーク・東部
2021/6/21,0,33.6589782,130.4802193,久山グラウンドゴルフ場,,環境局クリーンパーク・東部
2021/7/5,0,33.6589782,130.4802193,久山グラウンドゴルフ場,,環境局クリーンパーク・東部
2021/7/19,0,33.6589782,130.4802193,久山グラウンドゴルフ場,,環境局クリーンパーク・東部
2021/5/27,1,33.6216262,130.4497231,宮ノ下橋,職員が駆除,東区生活環境課
2021/4/16,0,33.6548991,130.4529061,宮の台中央公園,,東区維持管理課
2021/9/27,0,33.5744843,130.4691367,月隈公園,,博多区維持管理課
2021/4/27,0,33.5744843,130.4691367,月隈公園,,博多区維持管理課
2021/11/12,0,33.5805678,130.2673689,原田南公園,,東区維持管理課
2021/4/12,0,33.6147552,130.4355567,原田南公園,,東区維持管理課
2021/11/15,0,33.6147552,130.4355567,玄洋小運動場,,"玄洋小学校
教育委員会健康教育課"
2021/11/24,55,33.6700486,130.4356761,港湾空港局庁舎,殺虫剤で駆除,港湾空港局維持課
2021/11/24,0,33.6578647,130.4502006,香住丘公民館,,東区地域支援課
2021/9/3,3,33.6578647,130.4502006,香椎11号公園,バーナーでの焼却及び殺虫剤による駆除,東区維持管理課
2021/4/17,2,33.6093701,130.4013669,香椎11号公園,殺虫剤及び踏み潰して駆除,東区維持管理課
2021/4/17,0,33.6469135,130.4477337,香椎12号公園,,東区維持管理課
2021/11/28,0,33.6469135,130.4477337,香椎ヶ丘2号公園,,東区維持管理課
2021/4/12,0,33.648569,130.4550545,香椎ヶ丘2号公園,,東区維持管理課
2021/8/4,82,33.6509762,130.4090054,香椎パークポートコンテナターミナル,バーナーでの焼却及び殺虫剤による駆除,港湾空港局港営課
2021/9/9,31,33.6509762,130.4090054,香椎パークポートコンテナターミナル,バーナーでの焼却及び殺虫剤による駆除,港湾空港局港営課
2021/10/7,20,33.6509762,130.4090054,香椎パークポートコンテナターミナル,バーナーでの焼却及び殺虫剤による駆除,港湾空港局港営課
2021/11/1,12,33.6509762,130.4090054,香椎パークポートコンテナターミナル,バーナーでの焼却及び殺虫剤による駆除,港湾空港局港営課
2021/5/25,17,33.6509762,130.4090054,香椎パークポートコンテナターミナル内,殺虫剤及び踏み潰して駆除,港湾空港局港営課
2021/6/25,27,33.6509762,130.4090054,香椎パークポートコンテナターミナル内,殺虫剤及び踏み潰して駆除,港湾空港局港営課
2021/4/17,0,33.6651729,130.4412874,香椎駅前2号公園,,東区維持管理課
2021/10/7,25,33.6597809,130.4399344,香椎駅前西公園,バーナーでの焼却及び殺虫剤による駆除,東区維持管理課
2021/4/17,1,33.6597809,130.4399344,香椎駅前西公園,殺虫剤及び踏み潰して駆除,東区維持管理課
2021/4/16,0,33.6582584,130.4445504,香椎駅東公園,,東区維持管理課
2021/11/21,0,33.6708314,130.4558105,香椎下原公民館,,東区地域支援課
2021/6/21,1,33.6615099,130.4358373,香椎海岸遊歩道,市民が駆除,東区生活環境課
2021/11/15,0,33.6596539,130.4405338,香椎公民館,,東区地域支援課
2021/7/28,0,33.6641604,130.4271189,香椎照葉1号公園,,東区維持管理課
2021/7/28,0,33.6641604,130.4271189,香椎照葉1号公園,,東区維持管理課
2021/7/14,251,33.6672468,130.4185207,香椎照葉の市道,殺虫剤で駆除,東区生活環境課
2021/4/13,7,33.6553407,130.4583367,香椎台おいの山公園,殺虫剤及び踏み潰して駆除,東区維持管理課
2021/11/19,0,33.6518735,130.4541591,香椎東公民館,,東区地域支援課
2021/11/29,0,33.6526261,130.4563827,香椎東小学校,,"香椎東小学校
教育委員会健康教育課"
2021/9/10,2,33.6536916,130.4207071,香椎浜公園,殺虫剤で駆除,東区維持管理課
2021/4/12,4,33.6536916,130.4207071,香椎浜公園,殺虫剤で駆除,東区維持管理課
2021/11/30,0,33.6543213,130.4261437,香椎浜公民館,,東区地域支援課
2021/10/21,15,33.6568933,130.4344424,香椎浜東公園,バーナーでの焼却及び殺虫剤による駆除,東区維持管理課
2021/4/16,0,33.6568933,130.4344424,香椎浜東公園,,東区維持管理課
2021/10/21,7,33.6532131,130.4318952,香椎浜南公園,バーナーでの焼却及び殺虫剤による駆除,東区維持管理課
2021/4/16,0,33.6532131,130.4318952,香椎浜南公園,,東区維持管理課
2021/11/30,30,33.658508,130.429956,香椎浜北公園,バーナーでの焼却及び殺虫剤による駆除,東区維持管理課
2021/4/12,0,33.658508,130.429956,香椎浜北公園,,東区維持管理課
2021/11/26,0,33.6541017,130.432333,香陵公民館,,東区地域支援課
2021/11/12,0,33.6554714,130.4334076,香陵小学校,,"香陵小学校
教育委員会健康教育課"
2021/7/12,2,33.6874449,130.4415062,高見ヶ丘市営住宅,市民が駆除,東区生活環境課
2021/7/19,2,33.6874449,130.4415062,高見丘市営住宅,市民が駆除,東区生活環境課
2021/11/16,0,33.6874449,130.4415062,高木小学校,,"高木小学校
教育委員会健康教育課"
2021/11/17,55,33.6874449,130.4415062,国営海の中道海浜公園,殺虫剤で駆除,国土交通省 九州地方整備局
2021/11/18,0,33.5562891,130.4359425,今津リフレッシュ農園,,農林水産局農業振興課
2021/4/27,40,33.6611388,130.354193,今津運動公園,殺虫剤で駆除,住宅都市局みどり運営課
2021/5/25,48,33.6017833,130.2468955,今津運動公園,殺虫剤で駆除,住宅都市局みどり運営課
2021/6/22,57,33.6066519,130.2501246,今津運動公園,殺虫剤で駆除,住宅都市局みどり運営課
2021/11/25,0,33.6066519,130.2501246,笹原駅東自転車保管所,,"博多区
自転車対策・生活環境課"
2021/11/14,0,33.6066519,130.2501246,三苫公民館,,東区地域支援課
2021/7/13,1,33.5527566,130.4495043,三苫小学校,職員が駆除,東区生活環境課
2021/5/22,0,33.6993398,130.4186399,山王公園,,博多区維持管理課
2021/11/1,72,33.7058313,130.4209689,市営塩浜住宅,バーナーでの焼却及び殺虫剤による駆除,"住宅都市局住宅管理課
（住宅供給公社保全課）"
2021/7/28,113,33.5823244,130.4319947,市営塩浜住宅,バーナーでの焼却及び殺虫剤による駆除,"住宅都市局住宅管理課
（住宅供給公社保全課）"
2021/11/2,33,33.6902752,130.4207354,市営月隈住宅,バーナーでの焼却及び殺虫剤による駆除,"住宅都市局住宅管理課
（住宅供給公社保全課）"
2021/4/17,1,33.6902752,130.4207354,市営六高住宅,委託業者が駆除,"住宅都市局住宅管理課
（住宅供給公社保全課）"
2021/8/28,62,33.5774278,130.4732801,市営香椎浜三街区住宅,バーナーでの焼却及び殺虫剤による駆除,"住宅都市局住宅管理課
（住宅供給公社保全課）"
2021/5/12,2,33.5774278,130.4732801,市営香椎浜団地内,市民が駆除,東区生活環境課
2021/7/30,92,33.6102039,130.4294461,市営高見丘住宅,バーナーでの焼却及び殺虫剤による駆除,"住宅都市局住宅管理課
（住宅供給公社保全課）"
2021/11/4,43,33.6544927,130.4250071,市営高美ヶ丘住宅,バーナーでの焼却及び殺虫剤による駆除,"住宅都市局住宅管理課
（住宅供給公社保全課）"
2021/10/29,55,33.6534633,130.4238326,市営若宮住宅,バーナーでの焼却及び殺虫剤による駆除,"住宅都市局住宅管理課
（住宅供給公社保全課）"
2021/7/26,180,33.6447497,130.4418052,市営若宮住宅,バーナーでの焼却及び殺虫剤による駆除,"住宅都市局住宅管理課
（住宅供給公社保全課）"
2021/6/12,17,33.6447497,130.4418052,市営若宮住宅,委託業者が駆除,"住宅都市局住宅管理課
（住宅供給公社保全課）"
2021/11/10,280,33.6447497,130.4418052,市営城の原住宅,バーナーでの焼却及び殺虫剤による駆除,"住宅都市局住宅管理課
（住宅供給公社保全課）"
2021/8/18,330,33.6503021,130.4249695,市営城浜住宅,バーナーでの焼却及び殺虫剤による駆除,"住宅都市局住宅管理課
（住宅供給公社保全課）"
2021/11/26,85,33.6503021,130.4249695,市営城浜住宅,バーナーでの焼却及び殺虫剤による駆除,"住宅都市局住宅管理課
（住宅供給公社保全課）"
2021/7/16,34,33.6503021,130.4249695,市営城浜住宅,委託業者が駆除,"住宅都市局住宅管理課
（住宅供給公社保全課）"
2021/10/29,21,33.5731111,130.309106,市営千早北住宅,バーナーでの焼却及び殺虫剤による駆除,"住宅都市局住宅管理課
（住宅供給公社保全課）"
2021/7/27,108,33.6755832,130.4411005,市営千早北住宅,バーナーでの焼却及び殺虫剤による駆除,"住宅都市局住宅管理課
（住宅供給公社保全課）"
2021/4/1,43,33.6415705,130.4558735,市営月隈住宅,委託業者が駆除,"住宅都市局住宅管理課
（住宅供給公社保全課）"
2021/7/6,8,33.6415705,130.4558735,市営唐原住宅,バーナーでの焼却及び殺虫剤による駆除,"住宅都市局住宅管理課
（住宅供給公社保全課）"
2021/8/3,113,33.6494103,130.4330096,市営八田第二住宅,バーナーでの焼却及び殺虫剤による駆除,"住宅都市局住宅管理課
（住宅供給公社保全課）"
2021/11/16,92,33.6494103,130.4330096,市営八田第二住宅,バーナーでの焼却及び殺虫剤による駆除,"住宅都市局住宅管理課
（住宅供給公社保全課）"
2021/6/22,1,33.5493536,130.3637171,市営千代東住宅,委託業者が駆除,"住宅都市局住宅管理課
（住宅供給公社保全課）"
2021/9/10,0,33.6247526,130.404506,汐井公園,,東区維持管理課
2021/4/12,0,33.6247526,130.404506,汐井公園,,東区維持管理課
2021/8/25,0,33.6060873,130.4107573,七隈住宅,,"住宅都市局住宅管理課
（城南区施設管理事務所）"
2021/9/10,0,33.6092325,130.4328504,社領南公園,,東区維持管理課
2021/4/12,3,33.6092325,130.4328504,社領南公園,殺虫剤で駆除,東区維持管理課
2021/9/10,0,33.6136244,130.4339648,社領北公園,,東区維持管理課
2021/4/12,0,33.6136244,130.4339648,社領北公園,,東区維持管理課
2021/11/4,2,33.6384911,130.4473656,若宮小学校,殺虫剤で駆除,"若宮小学校
教育委員会健康教育課"
2021/11/11,1,33.6384911,130.4473656,若宮小学校,殺虫剤で駆除,"若宮小学校
教育委員会健康教育課"
2021/11/18,0,33.6384911,130.4473656,若宮小学校,,"若宮小学校
教育委員会健康教育課"
2021/11/25,0,33.6384911,130.4473656,若宮小学校,,"若宮小学校
教育委員会健康教育課"
2021/4/14,38,33.6384911,130.4473656,若宮小学校,職員が駆除,東区生活環境課
2021/5/22,0,33.5501623,130.4524287,諸岡中央公園,,博多区維持管理課
2021/11/12,0,33.6482922,130.4470175,松崎西公園,,東区維持管理課
2021/4/12,0,33.6233846,130.4345067,松崎西公園,,東区維持管理課
2021/4/13,0,33.6283372,130.4344623,松崎中央公園,,東区維持管理課
2021/11/5,0,33.6369352,130.4362731,松島会館,,東区地域支援課
2021/11/5,0,33.6369352,130.4362731,松島公民館,,東区地域支援課
2021/9/30,2,33.6675435,130.4238151,照葉公民館,殺虫剤で駆除,東区地域支援課
2021/11/10,1,33.6675435,130.4238151,照葉公民館,殺虫剤で駆除,東区地域支援課
2021/11/30,0,33.6675435,130.4238151,照葉公民館,,東区地域支援課
2021/9/27,0,33.6494757,130.4221439,上月隈中央公園,,博多区維持管理課
2021/4/27,0,33.5684555,130.4632496,上月隈中央公園,,博多区維持管理課
2021/10/1,1,33.5684555,130.4632496,城浜公民館,殺虫剤で駆除,東区地域支援課
2021/7/13,1,33.6501548,130.4238549,城浜団地,市民が駆除,東区生活環境課
2021/11/16,0,33.6155932,130.4043468,食肉市場,,農林水産局市場課
2021/11/26,1,33.6161522,130.4072584,水産加工センター,殺虫剤で駆除,農林水産局水産振興課
2021/11/15,0,33.6504091,130.3520517,西戸崎公民館,,東区地域支援課
2021/11/17,0,33.5806516,130.3575007,西戸崎小学校,,"西戸崎小学校
教育委員会健康教育課"
2021/11/15,0,33.6532841,130.3501876,西新自転車保管所,,早良区生活環境課
2021/11/20,0,入力パラメータが不正です。,,西部リサイクルプラザ,,"環境局
家庭ごみ減量推進課"
2021/4/10,0,33.5658791,130.2949415,西部運動公園,,住宅都市局みどり運営課
2021/4/21,0,33.5448772,130.3184638,西部運動公園,,住宅都市局みどり運営課
2021/5/6,0,33.5448772,130.3184638,西部運動公園,,住宅都市局みどり運営課
2021/5/17,0,33.5448772,130.3184638,西部運動公園,,住宅都市局みどり運営課
2021/6/12,0,33.5448772,130.3184638,西部運動公園,,住宅都市局みどり運営課
2021/6/23,0,33.5448772,130.3184638,西部運動公園,,住宅都市局みどり運営課
2021/7/8,1,33.5448772,130.3184638,西部運動公園,殺虫剤で駆除,住宅都市局みどり運営課
2021/7/25,0,33.5448772,130.3184638,西部運動公園,,住宅都市局みどり運営課
2021/11/30,1,33.5448772,130.3184638,西部水処理センター,殺虫剤で駆除,道路下水道局 西部水処理センター
2021/8/13,12,33.6678677,130.4113545,青果市場,殺虫剤及び踏み潰して駆除,農林水産局青果市場
2021/8/27,25,33.6678677,130.4113545,青果市場,殺虫剤及び踏み潰して駆除,農林水産局青果市場
2021/9/16,7,33.6678677,130.4113545,青果市場,殺虫剤及び踏み潰して駆除,農林水産局青果市場
2021/9/24,24,33.6678677,130.4113545,青果市場,殺虫剤及び踏み潰して駆除,農林水産局青果市場
2021/10/15,3,33.6678677,130.4113545,青果市場,殺虫剤及び踏み潰して駆除,農林水産局青果市場
2021/5/25,2,33.6678677,130.4113545,青果市場,殺虫剤及び踏み潰して駆除,農林水産局青果市場
2021/6/12,1,33.6678677,130.4113545,青果市場,殺虫剤及び踏み潰して駆除,農林水産局青果市場
2021/6/25,22,33.6678677,130.4113545,青果市場,殺虫剤及び踏み潰して駆除,農林水産局青果市場
2021/7/12,9,33.6678677,130.4113545,青果市場,殺虫剤及び踏み潰して駆除,農林水産局青果市場
2021/7/27,22,33.6678677,130.4113545,青果市場,殺虫剤及び踏み潰して駆除,農林水産局青果市場
2021/8/9,25,33.6448126,130.4632121,青葉公園,殺虫剤及び踏み潰して駆除,住宅都市局みどり運営課
2021/8/23,35,33.6476634,130.4609822,青葉公園,殺虫剤及び踏み潰して駆除,住宅都市局みどり運営課
2021/9/16,40,33.6476634,130.4609822,青葉公園,殺虫剤及び踏み潰して駆除,住宅都市局みどり運営課
2021/9/25,40,33.6476634,130.4609822,青葉公園,殺虫剤及び踏み潰して駆除,住宅都市局みどり運営課
2021/10/2,30,33.6476634,130.4609822,青葉公園,殺虫剤及び踏み潰して駆除,住宅都市局みどり運営課
2021/10/23,30,33.6476634,130.4609822,青葉公園,殺虫剤及び踏み潰して駆除,住宅都市局みどり運営課
2021/11/8,25,33.6476634,130.4609822,青葉公園,殺虫剤及び踏み潰して駆除,住宅都市局みどり運営課
2021/11/26,25,33.6476634,130.4609822,青葉公園,殺虫剤及び踏み潰して駆除,住宅都市局みどり運営課
2021/4/7,50,33.6476634,130.4609822,青葉公園,殺虫剤及び踏み潰して駆除,住宅都市局みどり運営課
2021/4/20,50,33.6476634,130.4609822,青葉公園,殺虫剤及び踏み潰して駆除,住宅都市局みどり運営課
2021/5/14,20,33.6476634,130.4609822,青葉公園,殺虫剤及び踏み潰して駆除,住宅都市局みどり運営課
2021/5/29,20,33.6476634,130.4609822,青葉公園,殺虫剤及び踏み潰して駆除,住宅都市局みどり運営課
2021/6/11,20,33.6476634,130.4609822,青葉公園,殺虫剤及び踏み潰して駆除,住宅都市局みどり運営課
2021/6/29,15,33.6476634,130.4609822,青葉公園,殺虫剤及び踏み潰して駆除,住宅都市局みどり運営課
2021/7/12,15,33.6476634,130.4609822,青葉公園,殺虫剤及び踏み潰して駆除,住宅都市局みどり運営課
2021/7/28,20,33.6476634,130.4609822,青葉公園,殺虫剤及び踏み潰して駆除,住宅都市局みどり運営課
2021/7/31,2,33.6476634,130.4609822,青葉公園,職員が駆除,住宅都市局みどり運営課
2021/11/24,0,33.6476634,130.4609822,青葉公民館,,東区地域支援課
2021/11/8,0,33.641508,130.4638625,青葉小学校,,"青葉小学校
教育委員会健康教育課"
2021/4/13,7,33.6456091,130.4632994,青葉台東公園,殺虫剤及び踏み潰して駆除,東区維持管理課
2021/11/1,0,33.6550713,130.4391762,千早公民館,,東区地域支援課
2021/11/9,0,33.6500688,130.4332882,千早西公民館,,東区地域支援課
2021/11/30,0,33.6469859,130.4362233,千早中央公園,,東区維持管理課
2021/4/12,0,33.6469859,130.4362233,千早中央公園,,東区維持管理課
2021/4/17,0,33.6445837,130.4346812,千早南公園,,東区維持管理課
2021/10/7,0,33.649791,130.4387405,千早並木広場,,東区維持管理課
2021/4/17,0,33.649791,130.4387405,千早並木広場,,東区維持管理課
2021/10/7,13,33.6554303,130.4410559,千早北公園,バーナーでの焼却及び殺虫剤による駆除,東区維持管理課
2021/4/16,1,33.6554303,130.4410559,千早北公園,殺虫剤及び踏み潰して駆除,東区維持管理課
2021/11/1,0,33.5819073,130.3484937,鮮魚市場会館,,農林水産局鮮魚市場
2021/11/25,0,33.5946569,130.3894244,早良区役所,,早良区総務課
2021/11/25,0,33.6464715,130.443277,多々良中学校,,"舞松原小学校
教育委員会健康教育課"
2021/10/1,8,33.6517825,130.3414411,大井中央公園,殺虫剤で駆除,博多区維持管理課
2021/4/27,0,33.6033889,130.4417649,大井中央公園,,博多区維持管理課
2021/7/28,6,33.6033889,130.4417649,大岳ポンプ場,殺虫剤で駆除,道路下水道局 和白水処理センター
2021/8/31,2,33.5900639,130.455937,第１給食センター,殺虫剤で駆除,教育委員会 学校給食センター
2021/9/21,1,33.5900639,130.455937,第１給食センター,殺虫剤で駆除,教育委員会 学校給食センター
2021/10/19,1,33.5900639,130.455937,第１給食センター,殺虫剤で駆除,教育委員会 学校給食センター
2021/11/25,0,33.5900639,130.455937,第１給食センター,,教育委員会 学校給食センター
2021/4/15,0,33.5900639,130.455937,第１給食センター,,教育委員会 学校給食センター
2021/5/17,1,33.5900639,130.455937,第１給食センター,殺虫剤で駆除,教育委員会 学校給食センター
2021/6/17,0,33.5900639,130.455937,第１給食センター,,教育委員会 学校給食センター
2021/7/19,6,33.5900639,130.455937,第１給食センター,殺虫剤で駆除,教育委員会 学校給食センター
2021/8/21,1,33.6576973,130.4206704,第２給食センター,殺虫剤で駆除,教育委員会 学校給食センター
2021/9/22,2,33.6576973,130.4206704,第２給食センター,殺虫剤で駆除,教育委員会 学校給食センター
2021/10/18,1,33.6576973,130.4206704,第２給食センター,殺虫剤で駆除,教育委員会 学校給食センター
2021/11/18,3,33.6576973,130.4206704,第２給食センター,殺虫剤で駆除,教育委員会 学校給食センター
2021/4/3,0,33.6576973,130.4206704,第２給食センター,,教育委員会 学校給食センター
2021/5/10,0,33.6576973,130.4206704,第２給食センター,,教育委員会 学校給食センター
2021/6/10,0,33.6576973,130.4206704,第２給食センター,,教育委員会 学校給食センター
2021/7/12,3,33.6576973,130.4206704,第２給食センター,殺虫剤で駆除,教育委員会 学校給食センター
2021/8/24,0,33.5674163,130.289221,第３給食センター,,教育委員会 学校給食センター
2021/9/28,0,33.5674163,130.289221,第３給食センター,,教育委員会 学校給食センター
2021/10/26,0,33.5674163,130.289221,第３給食センター,,教育委員会 学校給食センター
2021/11/30,0,33.5674163,130.289221,第３給食センター,,教育委員会 学校給食センター
2021/4/5,0,33.5674163,130.289221,第３給食センター,,教育委員会 学校給食センター
2021/5/7,0,33.5674163,130.289221,第３給食センター,,教育委員会 学校給食センター
2021/6/4,0,33.5674163,130.289221,第３給食センター,,教育委員会 学校給食センター
2021/7/7,0,33.5674163,130.289221,第３給食センター,,教育委員会 学校給食センター
2021/8/29,5,33.6012262,130.3763848,中央ふ頭クルーズセンター,殺虫剤で駆除,港湾振興部港湾管理課
2021/9/26,14,33.6012262,130.3763848,中央ふ頭クルーズセンター,殺虫剤で駆除,港湾振興部港湾管理課
2021/10/25,3,33.5889811,130.4255268,中央ふ頭クルーズセンター,殺虫剤で駆除,港湾振興部港湾管理課
2021/11/26,2,33.5889811,130.4255268,中央ふ頭クルーズセンター,殺虫剤で駆除,港湾振興部港湾管理課
2021/4/27,0,33.6102829,130.3967946,中央ふ頭クルーズセンター,,港湾振興部港湾管理課
2021/5/31,0,33.6102829,130.3967946,中央ふ頭クルーズセンター,,港湾空港局港湾管理課
2021/6/17,2,33.6102829,130.3967946,中央ふ頭クルーズセンター,殺虫剤で駆除,港湾空港局湾管理課
2021/7/26,0,33.6102829,130.3967946,中央ふ頭クルーズセンター,,港湾空港局湾管理課
2021/5/22,0,33.6102829,130.3967946,中比恵公園,,博多区維持管理課
2021/8/24,0,33.6102829,130.3967946,中浜町住宅,,"住宅都市局住宅管理課
（城南区施設管理事務所）"
2021/9/27,1,33.6102829,130.3967946,中部水処理センター,殺虫剤で駆除,道路下水道局 中部水処理センター
2021/6/28,1,33.6102829,130.3967946,福浜小学校,職員が駆除,"福浜小学校
教育委員会健康教育課"
2021/8/24,0,33.5480435,130.3845533,長尾３丁目住宅,,"住宅都市局住宅管理課
（城南区施設管理事務所）"
2021/8/25,0,33.5975937,130.368379,長尾住宅,,"住宅都市局住宅管理課
（城南区施設管理事務所）"
2021/9/10,0,33.5975937,130.368379,土井団地西公園,,東区維持管理課
2021/4/13,0,33.5975937,130.368379,土井団地西公園,,東区維持管理課
2021/9/10,0,33.5975937,130.368379,土井団地東公園,,東区維持管理課
2021/4/13,0,33.5975937,130.368379,土井団地東公園,,東区維持管理課
2021/7/4,1,33.5975937,130.368379,唐原市営住宅,市民が駆除,東区生活環境課
2021/11/25,0,33.5975937,130.368379,東区役所,,東区総務課
2021/11/9,0,33.5975937,130.368379,東箱崎会館,,東区地域支援課
2021/11/29,0,33.5975937,130.368379,東箱崎公民館,,東区地域支援課
2021/11/17,10,33.5975937,130.368379,東箱崎小学校,殺虫剤で駆除,"東箱崎小学校
教育委員会健康教育課"
2021/10/22,19,33.5546937,130.3866098,東部水処理センター,殺虫剤で駆除,道路下水道局 東部水処理センター
2021/11/24,9,33.6407977,130.4657431,東福岡特別支援学校,踏み潰して駆除,東福岡特別支援学校教育委員会健康教育課
2021/8/25,0,33.6407977,130.4657431,東平尾公園,,住宅都市局みどり運営課
2021/9/17,0,33.6420575,130.4693753,東平尾公園,,住宅都市局みどり運営課
2021/10/25,0,33.6420575,130.4693753,東平尾公園,,住宅都市局みどり運営課
2021/4/21,0,33.6803057,130.4341836,東平尾公園,,住宅都市局みどり運営課
2021/5/11,0,33.6177439,130.4173264,東平尾公園,,住宅都市局みどり運営課
2021/6/21,0,33.6287294,130.4201578,東平尾公園,,住宅都市局みどり運営課
2021/7/22,0,33.6382009,130.4264423,東平尾公園,,住宅都市局みどり運営課
2021/7/22,0,33.6372464,130.4236574,東平尾公園,,住宅都市局みどり運営課
2021/11/17,0,33.6327778,130.4333822,道路,,城南区生活環境課
2021/11/19,0,33.5873099,130.4633078,道路,,早良区生活環境課
2021/11/24,0,33.5873099,130.4633078,道路,,早良区生活環境課
2021/11/24,0,33.5873099,130.4633078,道路,,早良区生活環境課
2021/6/21,1,33.5873099,130.4633078,道路,市民が駆除,東区生活環境課
2021/9/1,20,33.5873099,130.4633078,奈多公民館,バーナーでの焼却及び殺虫剤による駆除,東区地域支援課
2021/7/28,0,33.5873099,130.4633078,奈多東公園,,東区維持管理課
2021/5/22,0,33.5873099,130.4633078,那珂中央公園,,博多区維持管理課
2021/11/10,0,33.5873099,130.4633078,那珂南小学校,,"那珂南小学校
教育委員会健康教育課"
2021/11/16,0,33.5873099,130.4633078,那珂南小学校,,"那珂南小学校
教育委員会健康教育課"
2021/11/24,0,33.5873099,130.4633078,那珂南小学校,,"那珂南小学校
教育委員会健康教育課"
2021/8/24,0,33.5873099,130.4633078,南片江住宅,,"住宅都市局住宅管理課
（城南区施設管理事務所）"
2021/11/25,0,33.5873099,130.4633078,馬出公民館,,東区地域支援課
2021/9/20,0,33.5873099,130.4633078,背振少年自然の家,,こども未来局 こども健全育成課
2021/8/25,0,33.5873099,130.4633078,梅林第１住宅,,"住宅都市局住宅管理課
（城南区施設管理事務所）"
2021/8/25,0,33.5873099,130.4633078,梅林第２住宅,,"住宅都市局住宅管理課
（城南区施設管理事務所）"
2021/4/21,0,33.5873099,130.4633078,博多の森テニスコート,,住宅都市局みどり運営課
2021/5/14,0,33.5873099,130.4633078,博多の森テニスコート,,住宅都市局みどり運営課
2021/6/4,0,33.5873099,130.4633078,博多の森テニスコート,,住宅都市局みどり運営課
2021/7/22,0,33.5873099,130.4633078,博多の森テニスコート,,住宅都市局みどり運営課
2021/7/22,0,33.5873099,130.4633078,博多の森テニスコート,,住宅都市局みどり運営課
2021/8/25,0,33.5873099,130.4633078,博多の森テニス競技場,,住宅都市局みどり運営課
2021/9/21,0,33.5873099,130.4633078,博多の森テニス競技場,,住宅都市局みどり運営課
2021/11/24,0,33.5873099,130.4633078,博多の森テニス競技場,,住宅都市局みどり運営課
2021/8/23,3,33.5873099,130.4633078,博多の森陸上競技場,殺虫剤で駆除,住宅都市局みどり運営課
2021/8/24,21,33.5873099,130.4633078,博多の森陸上競技場,殺虫剤で駆除,住宅都市局みどり運営課
2021/8/25,4,33.5873099,130.4633078,博多の森陸上競技場,殺虫剤で駆除,住宅都市局みどり運営課
2021/9/2,8,33.5873099,130.4633078,博多の森陸上競技場,殺虫剤で駆除,住宅都市局みどり運営課
2021/9/12,1,33.5873099,130.4633078,博多の森陸上競技場,殺虫剤で駆除,住宅都市局みどり運営課
2021/9/16,6,33.6455952,130.4617778,博多の森陸上競技場,殺虫剤で駆除,住宅都市局みどり運営課
2021/9/18,0,33.5798385,130.3681798,博多の森陸上競技場,,住宅都市局みどり運営課
2021/9/20,7,33.5730441,130.3286416,博多の森陸上競技場,殺虫剤で駆除,住宅都市局みどり運営課
2021/10/20,15,33.5771277,130.3541531,博多の森陸上競技場,殺虫剤で駆除,住宅都市局みどり運営課
2021/10/21,17,33.5762813,130.3503271,博多の森陸上競技場,殺虫剤で駆除,住宅都市局みどり運営課
2021/10/22,1,33.6544258,130.3362962,博多の森陸上競技場,殺虫剤で駆除,住宅都市局みどり運営課
2021/11/7,3,33.6886987,130.4118124,博多の森陸上競技場,殺虫剤で駆除,住宅都市局みどり運営課
2021/11/24,2,33.685968,130.4140618,博多の森陸上競技場,殺虫剤で駆除,住宅都市局みどり運営課
2021/11/29,0,33.5689607,130.4358751,博多の森陸上競技場,,住宅都市局みどり運営課
2021/4/21,2,33.5405485,130.4653554,博多の森陸上競技場,殺虫剤で駆除,住宅都市局みどり運営課
2021/5/6,1,33.5405485,130.4653554,博多の森陸上競技場,殺虫剤で駆除,住宅都市局みどり運営課
2021/6/21,6,33.5405485,130.4653554,博多の森陸上競技場,殺虫剤で駆除,住宅都市局みどり運営課
2021/6/21,6,33.5419347,130.3728413,博多の森陸上競技場,殺虫剤で駆除,住宅都市局みどり運営課
2021/7/21,21,33.6100849,130.4207102,博多の森陸上競技場,殺虫剤で駆除,住宅都市局みどり運営課
2021/7/21,21,33.5459492,130.3507456,博多の森陸上競技場,殺虫剤で駆除,住宅都市局みどり運営課
2021/8/30,53,33.4349782,130.3891737,博多港国際ターミナル,殺虫剤で駆除,港湾振興部港湾管理課
2021/9/29,47,33.5460104,130.3501677,博多港国際ターミナル,殺虫剤で駆除,港湾振興部港湾管理課
2021/10/31,20,33.5908242,130.4607037,博多港国際ターミナル,殺虫剤で駆除,港湾振興部港湾管理課
2021/11/25,4,33.5908242,130.4607037,博多港国際ターミナル,殺虫剤で駆除,港湾振興部港湾管理課
2021/4/27,0,33.5908242,130.4607037,博多港国際ターミナル,,港湾振興部港湾管理課
2021/5/29,0,33.6095208,130.4084935,博多港国際ターミナル,,港湾空港局港湾管理課
2021/6/17,19,33.6095208,130.4084935,博多港国際ターミナル,殺虫剤で駆除,港湾空港局湾管理課
2021/7/25,3,33.6095208,130.4084935,博多港国際ターミナル,殺虫剤で駆除,港湾空港局湾管理課
2021/11/25,6,33.6095208,130.4084935,博多高等学園,殺虫剤で駆除,"博多小学校
教育委員会健康教育課"
2021/9/10,1,33.6095208,130.4084935,箱崎1号公園,殺虫剤で駆除,東区維持管理課
2021/4/12,3,33.6082127,130.4000949,箱崎1号公園,殺虫剤で駆除,東区維持管理課
2021/9/10,0,33.6082127,130.4000949,箱崎ふ頭記念公園,,東区維持管理課
2021/4/12,0,33.6082127,130.4000949,箱崎ふ頭記念公園,,東区維持管理課
2021/11/2,0,33.6082127,130.4000949,箱崎会館,,東区地域支援課
2021/11/9,0,33.6082127,130.4000949,箱崎会館,,東区地域支援課
2021/11/16,0,33.6082127,130.4000949,箱崎会館,,東区地域支援課
2021/11/30,0,33.6082127,130.4000949,箱崎会館,,東区地域支援課
2021/11/13,8,33.6082127,130.4000949,箱崎公園,殺虫剤で駆除,東区維持管理課
2021/4/12,0,33.6023306,130.4090653,箱崎公園,,東区維持管理課
2021/11/30,0,33.6204452,130.4205111,箱崎公民館,,東区地域支援課
2021/11/26,0,33.6204452,130.4205111,八田公民館,,東区地域支援課
2021/11/16,0,33.6343039,130.4182022,板付小学校,,"板付小学校
教育委員会健康教育課"
2021/11/15,0,33.6343039,130.4182022,板付中学校,,"板付中学校
教育委員会健康教育課"
2021/8/24,0,33.6171563,130.4230187,樋井川住宅,,"住宅都市局住宅管理課
（城南区施設管理事務所）"
2021/11/26,0,33.6171563,130.4230187,美和台公民館,,東区地域支援課
2021/7/28,0,33.6171563,130.4230187,美和台新町公園,,東区維持管理課
2021/7/28,0,33.6171563,130.4230187,美和台新町公園,,東区維持管理課
2021/7/28,0,33.6216819,130.442322,美和台新町東公園,,東区維持管理課
2021/11/22,0,33.6216819,130.442322,桧原ソフトボール場,,保健福祉局生活衛生課
2021/11/17,0,33.6169408,130.4235803,舞松原公民館,,東区地域支援課
2021/11/28,0,33.6362836,130.4581179,舞松原東公園,,東区維持管理課
2021/4/12,0,33.5557344,130.458277,舞松原東公園,,東区維持管理課
2021/8/23,18,33.5547788,130.4628519,舞鶴公園,殺虫剤で駆除,住宅都市局みどり運営課
2021/9/22,14,33.5411232,130.3833782,舞鶴公園,殺虫剤で駆除,住宅都市局みどり運営課
2021/10/25,51,33.7015438,130.4316741,舞鶴公園,殺虫剤で駆除,住宅都市局みどり運営課
2021/11/26,37,33.7073055,130.4243326,舞鶴公園,殺虫剤で駆除,住宅都市局みどり運営課
2021/5/21,0,33.7073055,130.4243326,舞鶴公園,,住宅都市局みどり運営課
2021/5/22,1,33.7080952,130.4275767,舞鶴公園,殺虫剤で駆除,住宅都市局みどり運営課
2021/7/26,63,33.5342337,130.3868593,舞鶴公園,殺虫剤で駆除,住宅都市局みどり運営課
2021/6/29,1,33.5342337,130.3868593,福浜小学校,職員が駆除,"福浜小学校
教育委員会健康教育課"
2021/6/30,8,33.6472042,130.4469069,福浜小学校,職員が駆除,"福浜小学校
教育委員会健康教育課"
2021/8/19,0,33.6459354,130.4539406,福岡国際センター,,経済観光文化局 MICE推進課
2021/9/21,0,33.6459354,130.4539406,福岡国際センター,,経済観光文化局 MICE推進課
2021/10/14,0,33.5880164,130.3828902,福岡国際センター,,経済観光文化局 MICE推進課
2021/8/26,0,33.5880164,130.3828902,福岡国際会議場,,経済観光文化局 MICE推進課
2021/9/24,0,33.5880164,130.3828902,福岡国際会議場,,経済観光文化局 MICE推進課
2021/10/25,0,33.5880164,130.3828902,福岡国際会議場,,経済観光文化局 MICE推進課
2021/11/26,0,33.5880164,130.3828902,福岡国際会議場,,経済観光文化局 MICE推進課
2021/11/11,1,33.5880164,130.3828902,福岡国際空港内,殺虫剤で駆除,福岡空港事業者
2021/11/26,0,33.5880164,130.3828902,福岡国際空港内,,福岡国際空港株式会社
2021/11/27,0,33.6031623,130.401287,福岡国際空港内,,福岡空港事業者
2021/11/27,0,33.6023305,130.4007334,福岡国際空港内,,福岡空港事業者
2021/11/27,0,33.6033335,130.401639,福岡国際空港内,,福岡空港事業者
2021/11/29,0,33.6037319,130.4020813,福岡国際空港内,,福岡国際空港株式会社
2021/11/29,0,33.6037319,130.4020813,福岡国際空港内,,福岡国際空港株式会社
2021/11/22,0,33.6037319,130.4020813,福岡市葬祭場,,保健福祉局生活衛生課
2021/11/24,0,33.6037319,130.4020813,福重東公園,,西区生活環境課
2021/11/2,0,33.5694741,130.3246544,福浜住宅,,"住宅都市局住宅管理課
（中央区施設管理事務所）"
2021/11/18,0,33.5997367,130.446391,福浜住宅,,"住宅都市局住宅管理課
（中央区施設管理事務所）"
2021/11/22,0,33.5997367,130.446391,福浜住宅,,"住宅都市局住宅管理課
（中央区施設管理事務所）"
2021/11/25,0,33.5997367,130.446391,福浜住宅,,"住宅都市局住宅管理課
（中央区施設管理事務所）"
2021/11/29,0,33.5997367,130.446391,福浜住宅,,"住宅都市局住宅管理課
（中央区施設管理事務所）"
2021/11/15,0,33.5997367,130.446391,福浜小学校,,"福浜小学校
教育委員会健康教育課"
2021/6/30,2,33.5997367,130.446391,福浜小学校,職員が駆除,"福浜小学校
教育委員会健康教育課"
2021/6/30,1,33.5997367,130.446391,福浜小学校,職員が駆除,"福浜小学校
教育委員会健康教育課"
2021/6/30,1,33.5962517,130.3669446,福浜小学校,職員が駆除,"福浜小学校
教育委員会健康教育課"
2021/6/30,20,33.5962517,130.3669446,福浜小学校,職員が駆除,"福浜小学校
教育委員会健康教育課"
2021/7/10,2,33.5962517,130.3669446,舞鶴小中学校,職員が駆除,"舞鶴中学校
教育委員会健康教育課"
2021/7/14,1,33.5962517,130.3669446,舞鶴小中学校第２グラウンド,職員が駆除,"舞鶴小学校
教育委員会健康教育課"
2021/7/1,3,33.5962517,130.3669446,福浜小学校,職員が駆除,"福浜小学校
教育委員会健康教育課"
2021/7/26,1,33.59269,130.3914439,中部水処理センター,委託業者が駆除,道路下水道局 中部水処理センター
2021/7/8,1,33.5931395,130.3913244,福浜小学校,職員が駆除,"福浜小学校
教育委員会健康教育課"
2021/8/24,0,33.5724364,130.3733064,別府住宅,,"住宅都市局住宅管理課
（城南区施設管理事務所）"
2021/8/25,0,33.5526962,130.3709563,片江住宅,,"住宅都市局住宅管理課
（城南区施設管理事務所）"
2021/11/12,0,33.6447639,130.4258452,名島公園,,東区維持管理課
2021/4/12,0,33.6447639,130.4258452,名島公園,,東区維持管理課
2021/11/12,0,33.6422201,130.4326912,名島南公園,,東区維持管理課
2021/4/12,0,33.6422201,130.4326912,名島南公園,,東区維持管理課
2021/11/8,0,33.5811992,130.3096602,姪浜車両工場,,交通局姪浜車両工場
2021/11/13,0,33.5089725,130.3774427,姪浜小学校,,姪浜小学校
2021/11/12,0,33.5555011,130.3370537,油山牧場,,農林水産局農業振興課
2021/11/16,0,33.6389647,130.4171871,有田自転車保管所,,早良区生活環境課
2021/11/16,0,33.6389647,130.4171871,立花寺緑地リフレッシュ農園,,農林水産局農業振興課
2021/11/4,1,33.6389647,130.4171871,臨海工場,殺虫剤で駆除,"環境局
事業系ごみ減量推進課"
2021/11/8,5,33.565279,130.468066,臨海工場,殺虫剤で駆除,環境局臨海工場
2021/11/18,22,33.5876754,130.3299523,臨海工場,殺虫剤で駆除,環境局臨海工場
2021/5/22,0,33.690765,130.4292989,冷泉公園,,博多区維持管理課
2021/11/19,0,33.6877676,130.418043,和白公民館,,東区地域支援課
2021/7/28,66,33.5945186,130.4088063,和白水処理センター,殺虫剤で駆除,道路下水道局 和白水処理センター
2021/11/29,0,33.636624,130.4274271,和白東公民館,,東区地域支援課
2021/9/10,0,33.636624,130.4274271,筥松1号公園,,東区維持管理課
2021/4/12,0,33.6891265,130.4422199,筥松1号公園,,東区維持管理課
2021/11/25,0,33.6210326,130.4306662,筥松会館,,東区地域支援課
2021/9/10,0,33.6132942,130.4377854,筥松新町公園,,東区維持管理課
2021/4/12,0,33.6132942,130.4377854,筥松新町公園,,東区維持管理課